name,minPlanTime,maxPlanTime,shortConTimeDriver,shortConTimeVehicle,maxDrivingTime,maxWorkingTime,nbCities,nbTrips,nbNodes,nbArcs,maxPercentCombine,maxNbDriverAvailable,time(sec)
nbCities:3; nbDepots:2; size:90 90;nbTrips:25;nbCombinedTrips0;maxFolderTimeSlotAsTimeWindow0;planningHorizon:0-1440;maxDriving:540;maxWorking:720,15,20,20,720,540,720,3,25,31,119,0.0,5,0.0
nbCities:3; nbDepots:2; size:90 90;nbTrips:25;nbCombinedTrips0;maxFolderTimeSlotAsTimeWindow1;planningHorizon:0-1440;maxDriving:540;maxWorking:720,15,20,20,720,540,720,3,25,31,122,0.0,5,0.0
nbCities:3; nbDepots:2; size:90 90;nbTrips:25;nbCombinedTrips0;maxFolderTimeSlotAsTimeWindow2;planningHorizon:0-1440;maxDriving:540;maxWorking:720,15,20,20,720,540,720,3,25,31,124,0.0,5,0.0
nbCities:3; nbDepots:2; size:90 90;nbTrips:25;nbCombinedTrips0;maxFolderTimeSlotAsTimeWindow3;planningHorizon:0-1440;maxDriving:540;maxWorking:720,15,20,20,720,540,720,3,25,31,127,0.0,5,0.0
nbCities:3; nbDepots:2; size:90 90;nbTrips:25;nbCombinedTrips0;maxFolderTimeSlotAsTimeWindow4;planningHorizon:0-1440;maxDriving:540;maxWorking:720,15,20,20,720,540,720,3,25,31,127,0.0,5,0.0
nbCities:3; nbDepots:2; size:90 90;nbTrips:25;nbCombinedTrips0;maxFolderTimeSlotAsTimeWindow5;planningHorizon:0-1440;maxDriving:540;maxWorking:720,15,20,20,720,540,720,3,25,31,129,0.0,5,0.0
nbCities:3; nbDepots:2; size:90 90;nbTrips:25;nbCombinedTrips0;maxFolderTimeSlotAsTimeWindow6;planningHorizon:0-1440;maxDriving:540;maxWorking:720,15,20,20,720,540,720,3,25,31,130,0.0,5,0.0
nbCities:3; nbDepots:2; size:90 90;nbTrips:25;nbCombinedTrips1;maxFolderTimeSlotAsTimeWindow0;planningHorizon:0-1440;maxDriving:540;maxWorking:720,15,20,20,720,540,720,3,25,31,120,0.25,5,0.0
nbCities:3; nbDepots:2; size:90 90;nbTrips:25;nbCombinedTrips1;maxFolderTimeSlotAsTimeWindow1;planningHorizon:0-1440;maxDriving:540;maxWorking:720,15,20,20,720,540,720,3,25,31,122,0.25,5,0.0
nbCities:3; nbDepots:2; size:90 90;nbTrips:25;nbCombinedTrips1;maxFolderTimeSlotAsTimeWindow2;planningHorizon:0-1440;maxDriving:540;maxWorking:720,15,20,20,720,540,720,3,25,31,124,0.25,5,0.0
nbCities:3; nbDepots:2; size:90 90;nbTrips:25;nbCombinedTrips1;maxFolderTimeSlotAsTimeWindow3;planningHorizon:0-1440;maxDriving:540;maxWorking:720,15,20,20,720,540,720,3,25,31,126,0.25,5,0.0
nbCities:3; nbDepots:2; size:90 90;nbTrips:25;nbCombinedTrips1;maxFolderTimeSlotAsTimeWindow4;planningHorizon:0-1440;maxDriving:540;maxWorking:720,15,20,20,720,540,720,3,25,31,128,0.25,5,0.0
nbCities:3; nbDepots:2; size:90 90;nbTrips:25;nbCombinedTrips1;maxFolderTimeSlotAsTimeWindow5;planningHorizon:0-1440;maxDriving:540;maxWorking:720,15,20,20,720,540,720,3,25,31,131,0.25,5,0.0
nbCities:3; nbDepots:2; size:90 90;nbTrips:25;nbCombinedTrips1;maxFolderTimeSlotAsTimeWindow6;planningHorizon:0-1440;maxDriving:540;maxWorking:720,15,20,20,720,540,720,3,25,31,133,0.25,5,0.0
nbCities:3; nbDepots:2; size:90 90;nbTrips:30;nbCombinedTrips0;maxFolderTimeSlotAsTimeWindow0;planningHorizon:0-1440;maxDriving:540;maxWorking:720,15,20,20,720,540,720,3,30,36,166,0.0,6,0.0
nbCities:3; nbDepots:2; size:90 90;nbTrips:30;nbCombinedTrips0;maxFolderTimeSlotAsTimeWindow1;planningHorizon:0-1440;maxDriving:540;maxWorking:720,15,20,20,720,540,720,3,30,36,171,0.0,6,0.0
nbCities:3; nbDepots:2; size:90 90;nbTrips:30;nbCombinedTrips0;maxFolderTimeSlotAsTimeWindow2;planningHorizon:0-1440;maxDriving:540;maxWorking:720,15,20,20,720,540,720,3,30,36,173,0.0,6,0.0
nbCities:3; nbDepots:2; size:90 90;nbTrips:30;nbCombinedTrips0;maxFolderTimeSlotAsTimeWindow3;planningHorizon:0-1440;maxDriving:540;maxWorking:720,15,20,20,720,540,720,3,30,36,177,0.0,6,0.0
nbCities:3; nbDepots:2; size:90 90;nbTrips:30;nbCombinedTrips0;maxFolderTimeSlotAsTimeWindow4;planningHorizon:0-1440;maxDriving:540;maxWorking:720,15,20,20,720,540,720,3,30,36,180,0.0,6,0.0
nbCities:3; nbDepots:2; size:90 90;nbTrips:30;nbCombinedTrips0;maxFolderTimeSlotAsTimeWindow5;planningHorizon:0-1440;maxDriving:540;maxWorking:720,15,20,20,720,540,720,3,30,36,183,0.0,6,0.0
nbCities:3; nbDepots:2; size:90 90;nbTrips:30;nbCombinedTrips0;maxFolderTimeSlotAsTimeWindow6;planningHorizon:0-1440;maxDriving:540;maxWorking:720,15,20,20,720,540,720,3,30,36,186,0.0,6,0.0
nbCities:3; nbDepots:2; size:90 90;nbTrips:30;nbCombinedTrips2;maxFolderTimeSlotAsTimeWindow0;planningHorizon:0-1440;maxDriving:540;maxWorking:720,15,20,20,720,540,720,3,30,36,166,0.25,6,0.0
nbCities:3; nbDepots:2; size:90 90;nbTrips:30;nbCombinedTrips2;maxFolderTimeSlotAsTimeWindow1;planningHorizon:0-1440;maxDriving:540;maxWorking:720,15,20,20,720,540,720,3,30,36,170,0.25,6,0.0
nbCities:3; nbDepots:2; size:90 90;nbTrips:30;nbCombinedTrips2;maxFolderTimeSlotAsTimeWindow2;planningHorizon:0-1440;maxDriving:540;maxWorking:720,15,20,20,720,540,720,3,30,36,173,0.25,6,0.0
nbCities:3; nbDepots:2; size:90 90;nbTrips:30;nbCombinedTrips2;maxFolderTimeSlotAsTimeWindow3;planningHorizon:0-1440;maxDriving:540;maxWorking:720,15,20,20,720,540,720,3,30,36,176,0.25,6,0.0
nbCities:3; nbDepots:2; size:90 90;nbTrips:30;nbCombinedTrips2;maxFolderTimeSlotAsTimeWindow4;planningHorizon:0-1440;maxDriving:540;maxWorking:720,15,20,20,720,540,720,3,30,36,179,0.25,6,0.0
nbCities:3; nbDepots:2; size:90 90;nbTrips:30;nbCombinedTrips2;maxFolderTimeSlotAsTimeWindow5;planningHorizon:0-1440;maxDriving:540;maxWorking:720,15,20,20,720,540,720,3,30,36,181,0.25,6,0.0
nbCities:3; nbDepots:2; size:90 90;nbTrips:30;nbCombinedTrips2;maxFolderTimeSlotAsTimeWindow6;planningHorizon:0-1440;maxDriving:540;maxWorking:720,15,20,20,720,540,720,3,30,36,184,0.25,6,0.0
nbCities:3; nbDepots:2; size:90 90;nbTrips:35;nbCombinedTrips0;maxFolderTimeSlotAsTimeWindow0;planningHorizon:0-1440;maxDriving:540;maxWorking:720,15,20,20,720,540,720,3,35,41,212,0.0,6,0.0
nbCities:3; nbDepots:2; size:90 90;nbTrips:35;nbCombinedTrips0;maxFolderTimeSlotAsTimeWindow1;planningHorizon:0-1440;maxDriving:540;maxWorking:720,15,20,20,720,540,720,3,35,41,219,0.0,6,0.0
nbCities:3; nbDepots:2; size:90 90;nbTrips:35;nbCombinedTrips0;maxFolderTimeSlotAsTimeWindow2;planningHorizon:0-1440;maxDriving:540;maxWorking:720,15,20,20,720,540,720,3,35,41,222,0.0,6,0.0
nbCities:3; nbDepots:2; size:90 90;nbTrips:35;nbCombinedTrips0;maxFolderTimeSlotAsTimeWindow3;planningHorizon:0-1440;maxDriving:540;maxWorking:720,15,20,20,720,540,720,3,35,41,227,0.0,6,0.0
nbCities:3; nbDepots:2; size:90 90;nbTrips:35;nbCombinedTrips0;maxFolderTimeSlotAsTimeWindow4;planningHorizon:0-1440;maxDriving:540;maxWorking:720,15,20,20,720,540,720,3,35,41,230,0.0,6,0.0
nbCities:3; nbDepots:2; size:90 90;nbTrips:35;nbCombinedTrips0;maxFolderTimeSlotAsTimeWindow5;planningHorizon:0-1440;maxDriving:540;maxWorking:720,15,20,20,720,540,720,3,35,41,232,0.0,6,0.0
nbCities:3; nbDepots:2; size:90 90;nbTrips:35;nbCombinedTrips0;maxFolderTimeSlotAsTimeWindow6;planningHorizon:0-1440;maxDriving:540;maxWorking:720,15,20,20,720,540,720,3,35,41,236,0.0,6,0.0
nbCities:3; nbDepots:2; size:90 90;nbTrips:35;nbCombinedTrips3;maxFolderTimeSlotAsTimeWindow0;planningHorizon:0-1440;maxDriving:540;maxWorking:720,15,20,20,720,540,720,3,35,41,216,0.25,7,0.0
nbCities:3; nbDepots:2; size:90 90;nbTrips:35;nbCombinedTrips3;maxFolderTimeSlotAsTimeWindow1;planningHorizon:0-1440;maxDriving:540;maxWorking:720,15,20,20,720,540,720,3,35,41,222,0.25,7,0.0
nbCities:3; nbDepots:2; size:90 90;nbTrips:35;nbCombinedTrips3;maxFolderTimeSlotAsTimeWindow2;planningHorizon:0-1440;maxDriving:540;maxWorking:720,15,20,20,720,540,720,3,35,41,225,0.25,7,0.0
nbCities:3; nbDepots:2; size:90 90;nbTrips:35;nbCombinedTrips3;maxFolderTimeSlotAsTimeWindow3;planningHorizon:0-1440;maxDriving:540;maxWorking:720,15,20,20,720,540,720,3,35,41,230,0.25,7,0.0
nbCities:3; nbDepots:2; size:90 90;nbTrips:35;nbCombinedTrips3;maxFolderTimeSlotAsTimeWindow4;planningHorizon:0-1440;maxDriving:540;maxWorking:720,15,20,20,720,540,720,3,35,41,234,0.25,7,0.0
nbCities:3; nbDepots:2; size:90 90;nbTrips:35;nbCombinedTrips3;maxFolderTimeSlotAsTimeWindow5;planningHorizon:0-1440;maxDriving:540;maxWorking:720,15,20,20,720,540,720,3,35,41,236,0.25,7,0.0
nbCities:3; nbDepots:2; size:90 90;nbTrips:35;nbCombinedTrips3;maxFolderTimeSlotAsTimeWindow6;planningHorizon:0-1440;maxDriving:540;maxWorking:720,15,20,20,720,540,720,3,35,41,240,0.25,7,0.0
nbCities:3; nbDepots:2; size:90 90;nbTrips:40;nbCombinedTrips0;maxFolderTimeSlotAsTimeWindow0;planningHorizon:0-1440;maxDriving:540;maxWorking:720,15,20,20,720,540,720,3,40,46,267,0.0,7,0.0
nbCities:3; nbDepots:2; size:90 90;nbTrips:40;nbCombinedTrips0;maxFolderTimeSlotAsTimeWindow1;planningHorizon:0-1440;maxDriving:540;maxWorking:720,15,20,20,720,540,720,3,40,46,277,0.0,7,0.0
nbCities:3; nbDepots:2; size:90 90;nbTrips:40;nbCombinedTrips0;maxFolderTimeSlotAsTimeWindow2;planningHorizon:0-1440;maxDriving:540;maxWorking:720,15,20,20,720,540,720,3,40,46,283,0.0,7,0.0
nbCities:3; nbDepots:2; size:90 90;nbTrips:40;nbCombinedTrips0;maxFolderTimeSlotAsTimeWindow3;planningHorizon:0-1440;maxDriving:540;maxWorking:720,15,20,20,720,540,720,3,40,46,290,0.0,7,0.0
nbCities:3; nbDepots:2; size:90 90;nbTrips:40;nbCombinedTrips0;maxFolderTimeSlotAsTimeWindow4;planningHorizon:0-1440;maxDriving:540;maxWorking:720,15,20,20,720,540,720,3,40,46,296,0.0,7,0.0
nbCities:3; nbDepots:2; size:90 90;nbTrips:40;nbCombinedTrips0;maxFolderTimeSlotAsTimeWindow5;planningHorizon:0-1440;maxDriving:540;maxWorking:720,15,20,20,720,540,720,3,40,46,300,0.0,7,0.0
nbCities:3; nbDepots:2; size:90 90;nbTrips:40;nbCombinedTrips0;maxFolderTimeSlotAsTimeWindow6;planningHorizon:0-1440;maxDriving:540;maxWorking:720,15,20,20,720,540,720,3,40,46,305,0.0,7,0.0
nbCities:3; nbDepots:2; size:90 90;nbTrips:40;nbCombinedTrips4;maxFolderTimeSlotAsTimeWindow0;planningHorizon:0-1440;maxDriving:540;maxWorking:720,15,20,20,720,540,720,3,40,46,275,0.25,8,0.0
nbCities:3; nbDepots:2; size:90 90;nbTrips:40;nbCombinedTrips4;maxFolderTimeSlotAsTimeWindow1;planningHorizon:0-1440;maxDriving:540;maxWorking:720,15,20,20,720,540,720,3,40,46,283,0.25,8,0.0
nbCities:3; nbDepots:2; size:90 90;nbTrips:40;nbCombinedTrips4;maxFolderTimeSlotAsTimeWindow2;planningHorizon:0-1440;maxDriving:540;maxWorking:720,15,20,20,720,540,720,3,40,46,288,0.25,8,0.0
nbCities:3; nbDepots:2; size:90 90;nbTrips:40;nbCombinedTrips4;maxFolderTimeSlotAsTimeWindow3;planningHorizon:0-1440;maxDriving:540;maxWorking:720,15,20,20,720,540,720,3,40,46,296,0.25,8,0.0
nbCities:3; nbDepots:2; size:90 90;nbTrips:40;nbCombinedTrips4;maxFolderTimeSlotAsTimeWindow4;planningHorizon:0-1440;maxDriving:540;maxWorking:720,15,20,20,720,540,720,3,40,46,299,0.25,8,0.0
nbCities:3; nbDepots:2; size:90 90;nbTrips:40;nbCombinedTrips4;maxFolderTimeSlotAsTimeWindow5;planningHorizon:0-1440;maxDriving:540;maxWorking:720,15,20,20,720,540,720,3,40,46,303,0.25,8,0.0
nbCities:3; nbDepots:2; size:90 90;nbTrips:40;nbCombinedTrips4;maxFolderTimeSlotAsTimeWindow6;planningHorizon:0-1440;maxDriving:540;maxWorking:720,15,20,20,720,540,720,3,40,46,311,0.25,8,0.0
nbCities:3; nbDepots:2; size:90 90;nbTrips:45;nbCombinedTrips0;maxFolderTimeSlotAsTimeWindow0;planningHorizon:0-1440;maxDriving:540;maxWorking:720,15,20,20,720,540,720,3,45,51,331,0.0,8,0.0
nbCities:3; nbDepots:2; size:90 90;nbTrips:45;nbCombinedTrips0;maxFolderTimeSlotAsTimeWindow1;planningHorizon:0-1440;maxDriving:540;maxWorking:720,15,20,20,720,540,720,3,45,51,342,0.0,8,0.0
nbCities:3; nbDepots:2; size:90 90;nbTrips:45;nbCombinedTrips0;maxFolderTimeSlotAsTimeWindow2;planningHorizon:0-1440;maxDriving:540;maxWorking:720,15,20,20,720,540,720,3,45,51,350,0.0,8,0.0
nbCities:3; nbDepots:2; size:90 90;nbTrips:45;nbCombinedTrips0;maxFolderTimeSlotAsTimeWindow3;planningHorizon:0-1440;maxDriving:540;maxWorking:720,15,20,20,720,540,720,3,45,51,358,0.0,8,0.0
nbCities:3; nbDepots:2; size:90 90;nbTrips:45;nbCombinedTrips0;maxFolderTimeSlotAsTimeWindow4;planningHorizon:0-1440;maxDriving:540;maxWorking:720,15,20,20,720,540,720,3,45,51,363,0.0,8,0.0
nbCities:3; nbDepots:2; size:90 90;nbTrips:45;nbCombinedTrips0;maxFolderTimeSlotAsTimeWindow5;planningHorizon:0-1440;maxDriving:540;maxWorking:720,15,20,20,720,540,720,3,45,51,372,0.0,8,0.0
nbCities:3; nbDepots:2; size:90 90;nbTrips:45;nbCombinedTrips0;maxFolderTimeSlotAsTimeWindow6;planningHorizon:0-1440;maxDriving:540;maxWorking:720,15,20,20,720,540,720,3,45,51,382,0.0,8,0.0
nbCities:3; nbDepots:2; size:90 90;nbTrips:45;nbCombinedTrips6;maxFolderTimeSlotAsTimeWindow0;planningHorizon:0-1440;maxDriving:540;maxWorking:720,15,20,20,720,540,720,3,45,51,332,0.25,9,0.0
nbCities:3; nbDepots:2; size:90 90;nbTrips:45;nbCombinedTrips6;maxFolderTimeSlotAsTimeWindow1;planningHorizon:0-1440;maxDriving:540;maxWorking:720,15,20,20,720,540,720,3,45,51,339,0.25,9,0.0
nbCities:3; nbDepots:2; size:90 90;nbTrips:45;nbCombinedTrips6;maxFolderTimeSlotAsTimeWindow2;planningHorizon:0-1440;maxDriving:540;maxWorking:720,15,20,20,720,540,720,3,45,51,346,0.25,9,0.0
nbCities:3; nbDepots:2; size:90 90;nbTrips:45;nbCombinedTrips6;maxFolderTimeSlotAsTimeWindow3;planningHorizon:0-1440;maxDriving:540;maxWorking:720,15,20,20,720,540,720,3,45,51,356,0.25,9,0.0
nbCities:3; nbDepots:2; size:90 90;nbTrips:45;nbCombinedTrips6;maxFolderTimeSlotAsTimeWindow4;planningHorizon:0-1440;maxDriving:540;maxWorking:720,15,20,20,720,540,720,3,45,51,362,0.25,9,0.0
nbCities:3; nbDepots:2; size:90 90;nbTrips:45;nbCombinedTrips6;maxFolderTimeSlotAsTimeWindow5;planningHorizon:0-1440;maxDriving:540;maxWorking:720,15,20,20,720,540,720,3,45,51,370,0.25,9,0.0
nbCities:3; nbDepots:2; size:90 90;nbTrips:45;nbCombinedTrips6;maxFolderTimeSlotAsTimeWindow6;planningHorizon:0-1440;maxDriving:540;maxWorking:720,15,20,20,720,540,720,3,45,51,378,0.25,9,0.0
nbCities:3; nbDepots:2; size:90 90;nbTrips:50;nbCombinedTrips0;maxFolderTimeSlotAsTimeWindow0;planningHorizon:0-1440;maxDriving:540;maxWorking:720,15,20,20,720,540,720,3,50,56,398,0.0,9,0.0
nbCities:3; nbDepots:2; size:90 90;nbTrips:50;nbCombinedTrips0;maxFolderTimeSlotAsTimeWindow1;planningHorizon:0-1440;maxDriving:540;maxWorking:720,15,20,20,720,540,720,3,50,56,412,0.0,9,0.0
nbCities:3; nbDepots:2; size:90 90;nbTrips:50;nbCombinedTrips0;maxFolderTimeSlotAsTimeWindow2;planningHorizon:0-1440;maxDriving:540;maxWorking:720,15,20,20,720,540,720,3,50,56,419,0.0,9,0.0
nbCities:3; nbDepots:2; size:90 90;nbTrips:50;nbCombinedTrips0;maxFolderTimeSlotAsTimeWindow3;planningHorizon:0-1440;maxDriving:540;maxWorking:720,15,20,20,720,540,720,3,50,56,432,0.0,9,0.0
nbCities:3; nbDepots:2; size:90 90;nbTrips:50;nbCombinedTrips0;maxFolderTimeSlotAsTimeWindow4;planningHorizon:0-1440;maxDriving:540;maxWorking:720,15,20,20,720,540,720,3,50,56,443,0.0,9,0.0
nbCities:3; nbDepots:2; size:90 90;nbTrips:50;nbCombinedTrips0;maxFolderTimeSlotAsTimeWindow5;planningHorizon:0-1440;maxDriving:540;maxWorking:720,15,20,20,720,540,720,3,50,56,455,0.0,9,0.0
nbCities:3; nbDepots:2; size:90 90;nbTrips:50;nbCombinedTrips0;maxFolderTimeSlotAsTimeWindow6;planningHorizon:0-1440;maxDriving:540;maxWorking:720,15,20,20,720,540,720,3,50,56,466,0.0,9,0.0
nbCities:3; nbDepots:2; size:90 90;nbTrips:50;nbCombinedTrips6;maxFolderTimeSlotAsTimeWindow0;planningHorizon:0-1440;maxDriving:540;maxWorking:720,15,20,20,720,540,720,3,50,56,400,0.25,10,0.0
nbCities:3; nbDepots:2; size:90 90;nbTrips:50;nbCombinedTrips6;maxFolderTimeSlotAsTimeWindow1;planningHorizon:0-1440;maxDriving:540;maxWorking:720,15,20,20,720,540,720,3,50,56,411,0.25,10,0.0
nbCities:3; nbDepots:2; size:90 90;nbTrips:50;nbCombinedTrips6;maxFolderTimeSlotAsTimeWindow2;planningHorizon:0-1440;maxDriving:540;maxWorking:720,15,20,20,720,540,720,3,50,56,422,0.25,10,0.0
nbCities:3; nbDepots:2; size:90 90;nbTrips:50;nbCombinedTrips6;maxFolderTimeSlotAsTimeWindow3;planningHorizon:0-1440;maxDriving:540;maxWorking:720,15,20,20,720,540,720,3,50,56,432,0.25,10,0.0
nbCities:3; nbDepots:2; size:90 90;nbTrips:50;nbCombinedTrips6;maxFolderTimeSlotAsTimeWindow4;planningHorizon:0-1440;maxDriving:540;maxWorking:720,15,20,20,720,540,720,3,50,56,438,0.25,10,0.0
nbCities:3; nbDepots:2; size:90 90;nbTrips:50;nbCombinedTrips6;maxFolderTimeSlotAsTimeWindow5;planningHorizon:0-1440;maxDriving:540;maxWorking:720,15,20,20,720,540,720,3,50,56,445,0.25,10,0.0
nbCities:3; nbDepots:2; size:90 90;nbTrips:50;nbCombinedTrips6;maxFolderTimeSlotAsTimeWindow6;planningHorizon:0-1440;maxDriving:540;maxWorking:720,15,20,20,720,540,720,3,50,56,457,0.25,10,0.0
nbCities:3; nbDepots:2; size:90 90;nbTrips:80;nbCombinedTrips0;maxFolderTimeSlotAsTimeWindow0;planningHorizon:0-1440;maxDriving:540;maxWorking:720,15,20,20,720,540,720,3,80,86,976,0.0,13,0.0
nbCities:3; nbDepots:2; size:90 90;nbTrips:80;nbCombinedTrips0;maxFolderTimeSlotAsTimeWindow1;planningHorizon:0-1440;maxDriving:540;maxWorking:720,15,20,20,720,540,720,3,80,86,1001,0.0,13,0.0
nbCities:3; nbDepots:2; size:90 90;nbTrips:80;nbCombinedTrips0;maxFolderTimeSlotAsTimeWindow2;planningHorizon:0-1440;maxDriving:540;maxWorking:720,15,20,20,720,540,720,3,80,86,1032,0.0,13,0.0
nbCities:3; nbDepots:2; size:90 90;nbTrips:80;nbCombinedTrips0;maxFolderTimeSlotAsTimeWindow3;planningHorizon:0-1440;maxDriving:540;maxWorking:720,15,20,20,720,540,720,3,80,86,1064,0.0,13,0.0
nbCities:3; nbDepots:2; size:90 90;nbTrips:80;nbCombinedTrips0;maxFolderTimeSlotAsTimeWindow4;planningHorizon:0-1440;maxDriving:540;maxWorking:720,15,20,20,720,540,720,3,80,86,1088,0.0,13,0.0
nbCities:3; nbDepots:2; size:90 90;nbTrips:80;nbCombinedTrips0;maxFolderTimeSlotAsTimeWindow5;planningHorizon:0-1440;maxDriving:540;maxWorking:720,15,20,20,720,540,720,3,80,86,1118,0.0,13,0.0
nbCities:3; nbDepots:2; size:90 90;nbTrips:80;nbCombinedTrips0;maxFolderTimeSlotAsTimeWindow6;planningHorizon:0-1440;maxDriving:540;maxWorking:720,15,20,20,720,540,720,3,80,86,1150,0.0,13,0.0
nbCities:3; nbDepots:2; size:90 90;nbTrips:80;nbCombinedTrips17;maxFolderTimeSlotAsTimeWindow0;planningHorizon:0-1440;maxDriving:540;maxWorking:720,15,20,20,720,540,720,3,80,86,971,0.25,17,0.0
nbCities:3; nbDepots:2; size:90 90;nbTrips:80;nbCombinedTrips17;maxFolderTimeSlotAsTimeWindow1;planningHorizon:0-1440;maxDriving:540;maxWorking:720,15,20,20,720,540,720,3,80,86,993,0.25,17,0.0
nbCities:3; nbDepots:2; size:90 90;nbTrips:80;nbCombinedTrips17;maxFolderTimeSlotAsTimeWindow2;planningHorizon:0-1440;maxDriving:540;maxWorking:720,15,20,20,720,540,720,3,80,86,1020,0.25,17,0.0
nbCities:3; nbDepots:2; size:90 90;nbTrips:80;nbCombinedTrips17;maxFolderTimeSlotAsTimeWindow3;planningHorizon:0-1440;maxDriving:540;maxWorking:720,15,20,20,720,540,720,3,80,86,1041,0.25,17,0.0
nbCities:3; nbDepots:2; size:90 90;nbTrips:80;nbCombinedTrips17;maxFolderTimeSlotAsTimeWindow4;planningHorizon:0-1440;maxDriving:540;maxWorking:720,15,20,20,720,540,720,3,80,86,1052,0.25,17,0.0
nbCities:3; nbDepots:2; size:90 90;nbTrips:80;nbCombinedTrips17;maxFolderTimeSlotAsTimeWindow5;planningHorizon:0-1440;maxDriving:540;maxWorking:720,15,20,20,720,540,720,3,80,86,1077,0.25,17,0.0
nbCities:3; nbDepots:2; size:90 90;nbTrips:80;nbCombinedTrips17;maxFolderTimeSlotAsTimeWindow6;planningHorizon:0-1440;maxDriving:540;maxWorking:720,15,20,20,720,540,720,3,80,86,1103,0.25,17,0.0
nbCities:3; nbDepots:2; size:90 90;nbTrips:100;nbCombinedTrips0;maxFolderTimeSlotAsTimeWindow0;planningHorizon:0-1440;maxDriving:540;maxWorking:720,15,20,20,720,540,720,3,100,106,1490,0.0,16,0.0
nbCities:3; nbDepots:2; size:90 90;nbTrips:100;nbCombinedTrips0;maxFolderTimeSlotAsTimeWindow1;planningHorizon:0-1440;maxDriving:540;maxWorking:720,15,20,20,720,540,720,3,100,106,1534,0.0,16,0.0
nbCities:3; nbDepots:2; size:90 90;nbTrips:100;nbCombinedTrips0;maxFolderTimeSlotAsTimeWindow2;planningHorizon:0-1440;maxDriving:540;maxWorking:720,15,20,20,720,540,720,3,100,106,1575,0.0,16,0.0
nbCities:3; nbDepots:2; size:90 90;nbTrips:100;nbCombinedTrips0;maxFolderTimeSlotAsTimeWindow3;planningHorizon:0-1440;maxDriving:540;maxWorking:720,15,20,20,720,540,720,3,100,106,1625,0.0,16,0.0
nbCities:3; nbDepots:2; size:90 90;nbTrips:100;nbCombinedTrips0;maxFolderTimeSlotAsTimeWindow4;planningHorizon:0-1440;maxDriving:540;maxWorking:720,15,20,20,720,540,720,3,100,106,1669,0.0,16,0.0
nbCities:3; nbDepots:2; size:90 90;nbTrips:100;nbCombinedTrips0;maxFolderTimeSlotAsTimeWindow5;planningHorizon:0-1440;maxDriving:540;maxWorking:720,15,20,20,720,540,720,3,100,106,1713,0.0,16,0.0
nbCities:3; nbDepots:2; size:90 90;nbTrips:100;nbCombinedTrips0;maxFolderTimeSlotAsTimeWindow6;planningHorizon:0-1440;maxDriving:540;maxWorking:720,15,20,20,720,540,720,3,100,106,1756,0.0,16,0.0
nbCities:3; nbDepots:2; size:90 90;nbTrips:100;nbCombinedTrips25;maxFolderTimeSlotAsTimeWindow0;planningHorizon:0-1440;maxDriving:540;maxWorking:720,15,20,20,720,540,720,3,100,106,1500,0.25,23,1.0
nbCities:3; nbDepots:2; size:90 90;nbTrips:100;nbCombinedTrips25;maxFolderTimeSlotAsTimeWindow1;planningHorizon:0-1440;maxDriving:540;maxWorking:720,15,20,20,720,540,720,3,100,106,1531,0.25,23,1.0
nbCities:3; nbDepots:2; size:90 90;nbTrips:100;nbCombinedTrips25;maxFolderTimeSlotAsTimeWindow2;planningHorizon:0-1440;maxDriving:540;maxWorking:720,15,20,20,720,540,720,3,100,106,1582,0.25,23,1.0
nbCities:3; nbDepots:2; size:90 90;nbTrips:100;nbCombinedTrips25;maxFolderTimeSlotAsTimeWindow3;planningHorizon:0-1440;maxDriving:540;maxWorking:720,15,20,20,720,540,720,3,100,106,1613,0.25,23,1.0
nbCities:3; nbDepots:2; size:90 90;nbTrips:100;nbCombinedTrips25;maxFolderTimeSlotAsTimeWindow4;planningHorizon:0-1440;maxDriving:540;maxWorking:720,15,20,20,720,540,720,3,100,106,1634,0.25,23,2.0
nbCities:3; nbDepots:2; size:90 90;nbTrips:100;nbCombinedTrips25;maxFolderTimeSlotAsTimeWindow5;planningHorizon:0-1440;maxDriving:540;maxWorking:720,15,20,20,720,540,720,3,100,106,1673,0.25,23,1.0
nbCities:3; nbDepots:2; size:90 90;nbTrips:100;nbCombinedTrips25;maxFolderTimeSlotAsTimeWindow6;planningHorizon:0-1440;maxDriving:540;maxWorking:720,15,20,20,720,540,720,3,100,106,1709,0.25,23,1.0
nbCities:3; nbDepots:2; size:90 90;nbTrips:120;nbCombinedTrips0;maxFolderTimeSlotAsTimeWindow0;planningHorizon:0-1440;maxDriving:540;maxWorking:720,15,20,20,720,540,720,3,120,126,2110,0.0,19,1.0
nbCities:3; nbDepots:2; size:90 90;nbTrips:120;nbCombinedTrips0;maxFolderTimeSlotAsTimeWindow1;planningHorizon:0-1440;maxDriving:540;maxWorking:720,15,20,20,720,540,720,3,120,126,2179,0.0,19,1.0
nbCities:3; nbDepots:2; size:90 90;nbTrips:120;nbCombinedTrips0;maxFolderTimeSlotAsTimeWindow2;planningHorizon:0-1440;maxDriving:540;maxWorking:720,15,20,20,720,540,720,3,120,126,2236,0.0,19,1.0
nbCities:3; nbDepots:2; size:90 90;nbTrips:120;nbCombinedTrips0;maxFolderTimeSlotAsTimeWindow3;planningHorizon:0-1440;maxDriving:540;maxWorking:720,15,20,20,720,540,720,3,120,126,2302,0.0,19,1.0
nbCities:3; nbDepots:2; size:90 90;nbTrips:120;nbCombinedTrips0;maxFolderTimeSlotAsTimeWindow4;planningHorizon:0-1440;maxDriving:540;maxWorking:720,15,20,20,720,540,720,3,120,126,2375,0.0,19,1.0
nbCities:3; nbDepots:2; size:90 90;nbTrips:120;nbCombinedTrips0;maxFolderTimeSlotAsTimeWindow5;planningHorizon:0-1440;maxDriving:540;maxWorking:720,15,20,20,720,540,720,3,120,126,2440,0.0,19,1.0
nbCities:3; nbDepots:2; size:90 90;nbTrips:120;nbCombinedTrips0;maxFolderTimeSlotAsTimeWindow6;planningHorizon:0-1440;maxDriving:540;maxWorking:720,15,20,20,720,540,720,3,120,126,2502,0.0,19,1.0
nbCities:3; nbDepots:2; size:90 90;nbTrips:120;nbCombinedTrips30;maxFolderTimeSlotAsTimeWindow0;planningHorizon:0-1440;maxDriving:540;maxWorking:720,15,20,20,720,540,720,3,120,126,2142,0.25,27,3.0
nbCities:3; nbDepots:2; size:90 90;nbTrips:120;nbCombinedTrips30;maxFolderTimeSlotAsTimeWindow1;planningHorizon:0-1440;maxDriving:540;maxWorking:720,15,20,20,720,540,720,3,120,126,2195,0.25,27,3.0
nbCities:3; nbDepots:2; size:90 90;nbTrips:120;nbCombinedTrips30;maxFolderTimeSlotAsTimeWindow2;planningHorizon:0-1440;maxDriving:540;maxWorking:720,15,20,20,720,540,720,3,120,126,2262,0.25,27,3.0
nbCities:3; nbDepots:2; size:90 90;nbTrips:120;nbCombinedTrips30;maxFolderTimeSlotAsTimeWindow3;planningHorizon:0-1440;maxDriving:540;maxWorking:720,15,20,20,720,540,720,3,120,126,2315,0.25,27,3.0
nbCities:3; nbDepots:2; size:90 90;nbTrips:120;nbCombinedTrips30;maxFolderTimeSlotAsTimeWindow4;planningHorizon:0-1440;maxDriving:540;maxWorking:720,15,20,20,720,540,720,3,120,126,2353,0.25,27,3.0
nbCities:3; nbDepots:2; size:90 90;nbTrips:120;nbCombinedTrips30;maxFolderTimeSlotAsTimeWindow5;planningHorizon:0-1440;maxDriving:540;maxWorking:720,15,20,20,720,540,720,3,120,126,2413,0.25,27,2.0
nbCities:3; nbDepots:2; size:90 90;nbTrips:120;nbCombinedTrips30;maxFolderTimeSlotAsTimeWindow6;planningHorizon:0-1440;maxDriving:540;maxWorking:720,15,20,20,720,540,720,3,120,126,2470,0.25,27,3.0
nbCities:3; nbDepots:2; size:90 90;nbTrips:150;nbCombinedTrips0;maxFolderTimeSlotAsTimeWindow0;planningHorizon:0-1440;maxDriving:540;maxWorking:720,15,20,20,720,540,720,3,150,156,3234,0.0,24,3.0
nbCities:3; nbDepots:2; size:90 90;nbTrips:150;nbCombinedTrips0;maxFolderTimeSlotAsTimeWindow1;planningHorizon:0-1440;maxDriving:540;maxWorking:720,15,20,20,720,540,720,3,150,156,3331,0.0,24,3.0
nbCities:3; nbDepots:2; size:90 90;nbTrips:150;nbCombinedTrips0;maxFolderTimeSlotAsTimeWindow2;planningHorizon:0-1440;maxDriving:540;maxWorking:720,15,20,20,720,540,720,3,150,156,3419,0.0,24,3.0
nbCities:3; nbDepots:2; size:90 90;nbTrips:150;nbCombinedTrips0;maxFolderTimeSlotAsTimeWindow3;planningHorizon:0-1440;maxDriving:540;maxWorking:720,15,20,20,720,540,720,3,150,156,3525,0.0,24,3.0
nbCities:3; nbDepots:2; size:90 90;nbTrips:150;nbCombinedTrips0;maxFolderTimeSlotAsTimeWindow4;planningHorizon:0-1440;maxDriving:540;maxWorking:720,15,20,20,720,540,720,3,150,156,3626,0.0,24,3.0
nbCities:3; nbDepots:2; size:90 90;nbTrips:150;nbCombinedTrips0;maxFolderTimeSlotAsTimeWindow5;planningHorizon:0-1440;maxDriving:540;maxWorking:720,15,20,20,720,540,720,3,150,156,3730,0.0,24,3.0
nbCities:3; nbDepots:2; size:90 90;nbTrips:150;nbCombinedTrips0;maxFolderTimeSlotAsTimeWindow6;planningHorizon:0-1440;maxDriving:540;maxWorking:720,15,20,20,720,540,720,3,150,156,3825,0.0,24,3.0
nbCities:3; nbDepots:2; size:90 90;nbTrips:150;nbCombinedTrips37;maxFolderTimeSlotAsTimeWindow0;planningHorizon:0-1440;maxDriving:540;maxWorking:720,15,20,20,720,540,720,3,150,156,3246,0.25,34,6.0
nbCities:3; nbDepots:2; size:90 90;nbTrips:150;nbCombinedTrips37;maxFolderTimeSlotAsTimeWindow1;planningHorizon:0-1440;maxDriving:540;maxWorking:720,15,20,20,720,540,720,3,150,156,3337,0.25,34,6.0
nbCities:3; nbDepots:2; size:90 90;nbTrips:150;nbCombinedTrips37;maxFolderTimeSlotAsTimeWindow2;planningHorizon:0-1440;maxDriving:540;maxWorking:720,15,20,20,720,540,720,3,150,156,3431,0.25,34,6.0
nbCities:3; nbDepots:2; size:90 90;nbTrips:150;nbCombinedTrips37;maxFolderTimeSlotAsTimeWindow3;planningHorizon:0-1440;maxDriving:540;maxWorking:720,15,20,20,720,540,720,3,150,156,3512,0.25,34,7.0
nbCities:3; nbDepots:2; size:90 90;nbTrips:150;nbCombinedTrips37;maxFolderTimeSlotAsTimeWindow4;planningHorizon:0-1440;maxDriving:540;maxWorking:720,15,20,20,720,540,720,3,150,156,3575,0.25,34,7.0
nbCities:3; nbDepots:2; size:90 90;nbTrips:150;nbCombinedTrips37;maxFolderTimeSlotAsTimeWindow5;planningHorizon:0-1440;maxDriving:540;maxWorking:720,15,20,20,720,540,720,3,150,156,3655,0.25,34,6.0
nbCities:3; nbDepots:2; size:90 90;nbTrips:150;nbCombinedTrips37;maxFolderTimeSlotAsTimeWindow6;planningHorizon:0-1440;maxDriving:540;maxWorking:720,15,20,20,720,540,720,3,150,156,3738,0.25,34,7.0
