name,nbTasks,maxPercentCombine,nbDrivers(Vehicles)Available,lengthOfDepartureTimeFlexibility,nbDriversInSolution,nbVehiclesInSolution,nbTripsHavePassenger,nbTripsHavePassenger(NormalTrip),nbTripsHavePassenger(CombineTrip),nbTripsPerformedPerDriver,totalWorkTimePerDriver(minute),totalDriveTimePerDriver(minute),totalPassengerTimePerDriver(minute),totalIdleTimePerDriver(minute),shortestIdleTime(minute),longestIdleTime(minute),shortestWorkingTime(minute),longestWorkingTime(minute),nbChangeoversPerDriver,nbChangeoverPerDriver_ChangeStatus,nbChangeoverPerDriver_ChangeVehicle,
nbCities:3; nbDepots:2; size:90 90;nbTrips:25;nbCombinedTrips0;maxFolderTimeSlotAsTimeWindow0;planningHorizon:0-1440;maxDriving:540;maxWorking:720,25,0.0,5,1,5,5,0,0,0,5.0,382.0,252.0,0.0,130.0,15.0,55.0,165.0,540.0,0.0,0.0,0.0,
nbCities:3; nbDepots:2; size:90 90;nbTrips:25;nbCombinedTrips0;maxFolderTimeSlotAsTimeWindow1;planningHorizon:0-1440;maxDriving:540;maxWorking:720,25,0.0,5,11,5,5,0,0,0,5.0,374.0,252.0,0.0,122.0,15.0,55.0,155.0,530.0,0.0,0.0,0.0,
nbCities:3; nbDepots:2; size:90 90;nbTrips:25;nbCombinedTrips0;maxFolderTimeSlotAsTimeWindow2;planningHorizon:0-1440;maxDriving:540;maxWorking:720,25,0.0,5,21,5,5,0,0,0,5.0,364.0,252.0,0.0,112.0,15.0,62.0,135.0,520.0,0.0,0.0,0.0,
nbCities:3; nbDepots:2; size:90 90;nbTrips:25;nbCombinedTrips0;maxFolderTimeSlotAsTimeWindow3;planningHorizon:0-1440;maxDriving:540;maxWorking:720,25,0.0,5,31,5,5,0,0,0,5.0,356.0,252.0,0.0,104.0,15.0,55.0,180.0,505.0,0.2,0.0,0.2,
nbCities:3; nbDepots:2; size:90 90;nbTrips:25;nbCombinedTrips0;maxFolderTimeSlotAsTimeWindow4;planningHorizon:0-1440;maxDriving:540;maxWorking:720,25,0.0,5,41,5,5,0,0,0,5.0,350.0,252.0,0.0,98.0,15.0,70.0,180.0,495.0,0.2,0.0,0.2,
nbCities:3; nbDepots:2; size:90 90;nbTrips:25;nbCombinedTrips0;maxFolderTimeSlotAsTimeWindow5;planningHorizon:0-1440;maxDriving:540;maxWorking:720,25,0.0,5,51,5,5,0,0,0,5.0,344.0,252.0,0.0,92.0,15.0,55.0,180.0,485.0,0.2,0.0,0.2,
nbCities:3; nbDepots:2; size:90 90;nbTrips:25;nbCombinedTrips0;maxFolderTimeSlotAsTimeWindow6;planningHorizon:0-1440;maxDriving:540;maxWorking:720,25,0.0,5,61,5,5,0,0,0,5.0,325.0,252.0,0.0,73.0,15.0,39.0,180.0,450.0,0.0,0.0,0.0,
nbCities:3; nbDepots:2; size:90 90;nbTrips:25;nbCombinedTrips1;maxFolderTimeSlotAsTimeWindow0;planningHorizon:0-1440;maxDriving:540;maxWorking:720,25,0.25,5,1,5,5,1,0,1,5.0,391.0,249.0,9.0,133.0,15.0,60.0,180.0,540.0,0.2,0.2,0.2,
nbCities:3; nbDepots:2; size:90 90;nbTrips:25;nbCombinedTrips1;maxFolderTimeSlotAsTimeWindow1;planningHorizon:0-1440;maxDriving:540;maxWorking:720,25,0.25,5,11,5,5,1,0,1,5.0,383.0,249.0,9.0,125.0,15.0,55.0,180.0,530.0,0.2,0.2,0.2,
nbCities:3; nbDepots:2; size:90 90;nbTrips:25;nbCombinedTrips1;maxFolderTimeSlotAsTimeWindow2;planningHorizon:0-1440;maxDriving:540;maxWorking:720,25,0.25,5,21,5,5,1,0,1,5.0,375.0,249.0,9.0,117.0,15.0,65.0,180.0,520.0,0.2,0.2,0.2,
nbCities:3; nbDepots:2; size:90 90;nbTrips:25;nbCombinedTrips1;maxFolderTimeSlotAsTimeWindow3;planningHorizon:0-1440;maxDriving:540;maxWorking:720,25,0.25,5,31,4,4,1,0,1,6.25,465.0,311.25,11.25,142.5,15.0,65.0,320.0,560.0,0.5,0.5,0.25,
nbCities:3; nbDepots:2; size:90 90;nbTrips:25;nbCombinedTrips1;maxFolderTimeSlotAsTimeWindow4;planningHorizon:0-1440;maxDriving:540;maxWorking:720,25,0.25,5,41,4,4,1,0,1,6.25,456.25,311.25,11.25,133.75,15.0,75.0,310.0,555.0,0.5,0.5,0.25,
nbCities:3; nbDepots:2; size:90 90;nbTrips:25;nbCombinedTrips1;maxFolderTimeSlotAsTimeWindow5;planningHorizon:0-1440;maxDriving:540;maxWorking:720,25,0.25,5,51,4,4,1,0,1,6.25,446.25,311.25,11.25,123.75,15.0,75.0,245.0,565.0,0.25,0.25,0.25,
nbCities:3; nbDepots:2; size:90 90;nbTrips:25;nbCombinedTrips1;maxFolderTimeSlotAsTimeWindow6;planningHorizon:0-1440;maxDriving:540;maxWorking:720,25,0.25,5,61,4,4,1,0,1,6.25,422.5,311.25,11.25,100.0,15.0,45.0,235.0,525.0,0.5,0.5,0.25,
nbCities:3; nbDepots:2; size:90 90;nbTrips:30;nbCombinedTrips0;maxFolderTimeSlotAsTimeWindow0;planningHorizon:0-1440;maxDriving:540;maxWorking:720,30,0.0,6,1,5,5,0,0,0,6.0,470.0,294.0,0.0,176.0,15.0,55.0,110.0,680.0,0.0,0.0,0.0,
nbCities:3; nbDepots:2; size:90 90;nbTrips:30;nbCombinedTrips0;maxFolderTimeSlotAsTimeWindow1;planningHorizon:0-1440;maxDriving:540;maxWorking:720,30,0.0,6,11,5,5,0,0,0,6.0,456.0,294.0,0.0,162.0,15.0,75.0,105.0,655.0,0.0,0.0,0.0,
nbCities:3; nbDepots:2; size:90 90;nbTrips:30;nbCombinedTrips0;maxFolderTimeSlotAsTimeWindow2;planningHorizon:0-1440;maxDriving:540;maxWorking:720,30,0.0,6,21,5,5,0,0,0,6.0,448.0,294.0,0.0,154.0,15.0,75.0,105.0,645.0,0.0,0.0,0.0,
nbCities:3; nbDepots:2; size:90 90;nbTrips:30;nbCombinedTrips0;maxFolderTimeSlotAsTimeWindow3;planningHorizon:0-1440;maxDriving:540;maxWorking:720,30,0.0,6,31,5,5,0,0,0,6.0,415.0,294.0,0.0,121.0,15.0,60.0,105.0,675.0,0.0,0.0,0.0,
nbCities:3; nbDepots:2; size:90 90;nbTrips:30;nbCombinedTrips0;maxFolderTimeSlotAsTimeWindow4;planningHorizon:0-1440;maxDriving:540;maxWorking:720,30,0.0,6,41,4,4,0,0,0,7.5,512.5,367.5,0.0,145.0,15.0,60.0,380.0,650.0,0.0,0.0,0.0,
nbCities:3; nbDepots:2; size:90 90;nbTrips:30;nbCombinedTrips0;maxFolderTimeSlotAsTimeWindow5;planningHorizon:0-1440;maxDriving:540;maxWorking:720,30,0.0,6,51,4,4,0,0,0,7.5,502.5,367.5,0.0,135.0,15.0,50.0,370.0,655.0,0.0,0.0,0.0,
nbCities:3; nbDepots:2; size:90 90;nbTrips:30;nbCombinedTrips0;maxFolderTimeSlotAsTimeWindow6;planningHorizon:0-1440;maxDriving:540;maxWorking:720,30,0.0,6,61,4,4,0,0,0,7.5,492.5,367.5,0.0,125.0,15.0,45.0,360.0,645.0,0.0,0.0,0.0,
nbCities:3; nbDepots:2; size:90 90;nbTrips:30;nbCombinedTrips2;maxFolderTimeSlotAsTimeWindow0;planningHorizon:0-1440;maxDriving:540;maxWorking:720,30,0.25,6,1,6,6,2,0,2,5.0,416.6666666666667,250.0,15.0,151.66666666666666,15.0,60.0,140.0,665.0,0.6666666666666666,0.3333333333333333,0.6666666666666666,
nbCities:3; nbDepots:2; size:90 90;nbTrips:30;nbCombinedTrips2;maxFolderTimeSlotAsTimeWindow1;planningHorizon:0-1440;maxDriving:540;maxWorking:720,30,0.25,6,11,6,6,2,0,2,5.0,407.5,250.0,15.0,142.5,15.0,60.0,135.0,655.0,0.5,0.3333333333333333,0.5,
nbCities:3; nbDepots:2; size:90 90;nbTrips:30;nbCombinedTrips2;maxFolderTimeSlotAsTimeWindow2;planningHorizon:0-1440;maxDriving:540;maxWorking:720,30,0.25,6,21,6,6,2,0,2,5.0,390.0,250.0,15.0,125.0,15.0,55.0,180.0,520.0,0.5,0.3333333333333333,0.5,
nbCities:3; nbDepots:2; size:90 90;nbTrips:30;nbCombinedTrips2;maxFolderTimeSlotAsTimeWindow3;planningHorizon:0-1440;maxDriving:540;maxWorking:720,30,0.25,6,31,6,6,2,0,2,5.0,381.6666666666667,250.0,15.0,116.66666666666667,15.0,60.0,125.0,560.0,0.6666666666666666,0.3333333333333333,0.6666666666666666,
nbCities:3; nbDepots:2; size:90 90;nbTrips:30;nbCombinedTrips2;maxFolderTimeSlotAsTimeWindow4;planningHorizon:0-1440;maxDriving:540;maxWorking:720,30,0.25,6,41,5,5,4,2,2,6.0,486.0,300.0,36.0,150.0,15.0,65.0,115.0,665.0,1.0,0.8,1.0,
nbCities:3; nbDepots:2; size:90 90;nbTrips:30;nbCombinedTrips2;maxFolderTimeSlotAsTimeWindow5;planningHorizon:0-1440;maxDriving:540;maxWorking:720,30,0.25,6,51,5,5,4,3,1,6.0,484.0,300.0,36.0,148.0,15.0,75.0,365.0,655.0,1.4,0.8,1.0,
nbCities:3; nbDepots:2; size:90 90;nbTrips:30;nbCombinedTrips2;maxFolderTimeSlotAsTimeWindow6;planningHorizon:0-1440;maxDriving:540;maxWorking:720,30,0.25,6,61,5,5,3,3,0,6.0,477.0,300.0,30.0,147.0,15.0,115.0,445.0,540.0,1.4,0.4,1.4,
nbCities:3; nbDepots:2; size:90 90;nbTrips:35;nbCombinedTrips0;maxFolderTimeSlotAsTimeWindow0;planningHorizon:0-1440;maxDriving:540;maxWorking:720,35,0.0,6,1,6,6,0,0,0,5.833333333333333,451.6666666666667,290.0,0.0,161.66666666666666,15.0,55.0,140.0,540.0,0.0,0.0,0.0,
nbCities:3; nbDepots:2; size:90 90;nbTrips:35;nbCombinedTrips0;maxFolderTimeSlotAsTimeWindow1;planningHorizon:0-1440;maxDriving:540;maxWorking:720,35,0.0,6,11,6,6,0,0,0,5.833333333333333,437.5,290.0,0.0,147.5,15.0,75.0,310.0,635.0,0.0,0.0,0.0,
nbCities:3; nbDepots:2; size:90 90;nbTrips:35;nbCombinedTrips0;maxFolderTimeSlotAsTimeWindow2;planningHorizon:0-1440;maxDriving:540;maxWorking:720,35,0.0,6,21,6,6,0,0,0,5.833333333333333,427.5,290.0,0.0,137.5,15.0,75.0,300.0,520.0,0.0,0.0,0.0,
nbCities:3; nbDepots:2; size:90 90;nbTrips:35;nbCombinedTrips0;maxFolderTimeSlotAsTimeWindow3;planningHorizon:0-1440;maxDriving:540;maxWorking:720,35,0.0,6,31,6,6,0,0,0,5.833333333333333,403.3333333333333,290.0,0.0,113.33333333333333,15.0,75.0,295.0,490.0,0.0,0.0,0.0,
nbCities:3; nbDepots:2; size:90 90;nbTrips:35;nbCombinedTrips0;maxFolderTimeSlotAsTimeWindow4;planningHorizon:0-1440;maxDriving:540;maxWorking:720,35,0.0,6,41,6,5,0,0,0,5.833333333333333,388.3333333333333,290.0,0.0,98.33333333333333,15.0,60.0,180.0,675.0,0.0,0.0,0.0,
nbCities:3; nbDepots:2; size:90 90;nbTrips:35;nbCombinedTrips0;maxFolderTimeSlotAsTimeWindow5;planningHorizon:0-1440;maxDriving:540;maxWorking:720,35,0.0,6,51,6,5,0,0,0,5.833333333333333,389.1666666666667,290.0,0.0,99.16666666666667,15.0,100.0,190.0,645.0,0.16666666666666666,0.0,0.16666666666666666,
nbCities:3; nbDepots:2; size:90 90;nbTrips:35;nbCombinedTrips0;maxFolderTimeSlotAsTimeWindow6;planningHorizon:0-1440;maxDriving:540;maxWorking:720,35,0.0,6,61,6,5,0,0,0,5.833333333333333,369.1666666666667,290.0,0.0,79.16666666666667,15.0,35.0,300.0,450.0,0.0,0.0,0.0,
nbCities:3; nbDepots:2; size:90 90;nbTrips:35;nbCombinedTrips3;maxFolderTimeSlotAsTimeWindow0;planningHorizon:0-1440;maxDriving:540;maxWorking:720,35,0.25,7,1,6,6,3,1,2,5.833333333333333,505.0,290.0,25.0,190.0,15.0,85.0,305.0,665.0,0.8333333333333334,0.3333333333333333,0.8333333333333334,
nbCities:3; nbDepots:2; size:90 90;nbTrips:35;nbCombinedTrips3;maxFolderTimeSlotAsTimeWindow1;planningHorizon:0-1440;maxDriving:540;maxWorking:720,35,0.25,7,11,6,6,3,1,2,5.833333333333333,493.3333333333333,290.0,25.0,178.33333333333334,15.0,115.0,340.0,655.0,0.8333333333333334,0.3333333333333333,0.6666666666666666,
nbCities:3; nbDepots:2; size:90 90;nbTrips:35;nbCombinedTrips3;maxFolderTimeSlotAsTimeWindow2;planningHorizon:0-1440;maxDriving:540;maxWorking:720,35,0.25,7,21,6,6,3,1,2,5.833333333333333,485.0,290.0,25.0,170.0,15.0,105.0,340.0,645.0,1.1666666666666667,0.6666666666666666,1.1666666666666667,
nbCities:3; nbDepots:2; size:90 90;nbTrips:35;nbCombinedTrips3;maxFolderTimeSlotAsTimeWindow3;planningHorizon:0-1440;maxDriving:540;maxWorking:720,35,0.25,7,31,6,6,3,0,3,5.833333333333333,483.3333333333333,290.0,25.0,168.33333333333334,15.0,110.0,310.0,610.0,1.1666666666666667,0.16666666666666666,1.1666666666666667,
nbCities:3; nbDepots:2; size:90 90;nbTrips:35;nbCombinedTrips3;maxFolderTimeSlotAsTimeWindow4;planningHorizon:0-1440;maxDriving:540;maxWorking:720,35,0.25,7,41,6,6,3,1,2,5.833333333333333,450.8333333333333,290.0,25.0,135.83333333333334,15.0,70.0,370.0,570.0,1.1666666666666667,0.3333333333333333,1.1666666666666667,
nbCities:3; nbDepots:2; size:90 90;nbTrips:35;nbCombinedTrips3;maxFolderTimeSlotAsTimeWindow5;planningHorizon:0-1440;maxDriving:540;maxWorking:720,35,0.25,7,51,6,6,3,1,2,5.833333333333333,443.3333333333333,290.0,25.0,128.33333333333334,15.0,60.0,370.0,540.0,1.3333333333333333,0.3333333333333333,1.3333333333333333,
nbCities:3; nbDepots:2; size:90 90;nbTrips:35;nbCombinedTrips3;maxFolderTimeSlotAsTimeWindow6;planningHorizon:0-1440;maxDriving:540;maxWorking:720,35,0.25,7,61,5,5,1,1,0,7.0,492.0,348.0,12.0,132.0,15.0,55.0,295.0,615.0,1.0,0.2,1.0,
nbCities:3; nbDepots:2; size:90 90;nbTrips:40;nbCombinedTrips0;maxFolderTimeSlotAsTimeWindow0;planningHorizon:0-1440;maxDriving:540;maxWorking:720,40,0.0,7,1,6,5,0,0,0,6.666666666666667,580.0,335.0,0.0,245.0,15.0,130.0,490.0,660.0,0.6666666666666666,0.0,0.6666666666666666,
nbCities:3; nbDepots:2; size:90 90;nbTrips:40;nbCombinedTrips0;maxFolderTimeSlotAsTimeWindow1;planningHorizon:0-1440;maxDriving:540;maxWorking:720,40,0.0,7,11,6,5,0,0,0,6.666666666666667,529.1666666666666,335.0,0.0,194.16666666666666,15.0,80.0,350.0,655.0,0.0,0.0,0.0,
nbCities:3; nbDepots:2; size:90 90;nbTrips:40;nbCombinedTrips0;maxFolderTimeSlotAsTimeWindow2;planningHorizon:0-1440;maxDriving:540;maxWorking:720,40,0.0,7,21,6,5,0,0,0,6.666666666666667,519.1666666666666,335.0,0.0,184.16666666666666,15.0,95.0,340.0,645.0,0.0,0.0,0.0,
nbCities:3; nbDepots:2; size:90 90;nbTrips:40;nbCombinedTrips0;maxFolderTimeSlotAsTimeWindow3;planningHorizon:0-1440;maxDriving:540;maxWorking:720,40,0.0,7,31,6,5,0,0,0,6.666666666666667,485.0,335.0,0.0,150.0,15.0,55.0,185.0,660.0,0.0,0.0,0.0,
nbCities:3; nbDepots:2; size:90 90;nbTrips:40;nbCombinedTrips0;maxFolderTimeSlotAsTimeWindow4;planningHorizon:0-1440;maxDriving:540;maxWorking:720,40,0.0,7,41,6,4,0,0,0,6.666666666666667,467.5,335.0,0.0,132.5,15.0,65.0,180.0,660.0,0.0,0.0,0.0,
nbCities:3; nbDepots:2; size:90 90;nbTrips:40;nbCombinedTrips0;maxFolderTimeSlotAsTimeWindow5;planningHorizon:0-1440;maxDriving:540;maxWorking:720,40,0.0,7,51,6,4,0,0,0,6.666666666666667,460.8333333333333,335.0,0.0,125.83333333333333,15.0,60.0,200.0,650.0,0.0,0.0,0.0,
nbCities:3; nbDepots:2; size:90 90;nbTrips:40;nbCombinedTrips0;maxFolderTimeSlotAsTimeWindow6;planningHorizon:0-1440;maxDriving:540;maxWorking:720,40,0.0,7,61,6,5,0,0,0,6.666666666666667,435.8333333333333,335.0,0.0,100.83333333333333,15.0,50.0,180.0,620.0,0.0,0.0,0.0,
nbCities:3; nbDepots:2; size:90 90;nbTrips:40;nbCombinedTrips4;maxFolderTimeSlotAsTimeWindow0;planningHorizon:0-1440;maxDriving:540;maxWorking:720,40,0.25,8,1,7,7,4,1,3,5.714285714285714,502.85714285714283,282.85714285714283,30.0,190.0,15.0,105.0,345.0,665.0,1.0,0.5714285714285714,1.0,
nbCities:3; nbDepots:2; size:90 90;nbTrips:40;nbCombinedTrips4;maxFolderTimeSlotAsTimeWindow1;planningHorizon:0-1440;maxDriving:540;maxWorking:720,40,0.25,8,11,6,7,3,1,2,6.666666666666667,595.8333333333334,330.0,25.0,240.83333333333334,15.0,120.0,520.0,720.0,1.5,0.8333333333333334,1.5,
nbCities:3; nbDepots:2; size:90 90;nbTrips:40;nbCombinedTrips4;maxFolderTimeSlotAsTimeWindow2;planningHorizon:0-1440;maxDriving:540;maxWorking:720,40,0.25,8,21,6,7,4,3,1,6.666666666666667,589.1666666666666,330.0,35.0,224.16666666666666,15.0,150.0,380.0,710.0,1.8333333333333333,0.8333333333333334,1.6666666666666667,
nbCities:3; nbDepots:2; size:90 90;nbTrips:40;nbCombinedTrips4;maxFolderTimeSlotAsTimeWindow3;planningHorizon:0-1440;maxDriving:540;maxWorking:720,40,0.25,8,31,6,7,3,2,1,6.666666666666667,551.6666666666666,330.0,25.0,196.66666666666666,15.0,105.0,260.0,715.0,1.8333333333333333,0.8333333333333334,1.8333333333333333,
nbCities:3; nbDepots:2; size:90 90;nbTrips:40;nbCombinedTrips4;maxFolderTimeSlotAsTimeWindow4;planningHorizon:0-1440;maxDriving:540;maxWorking:720,40,0.25,8,41,6,7,3,2,1,6.666666666666667,524.1666666666666,330.0,25.0,169.16666666666666,15.0,85.0,115.0,720.0,1.5,0.8333333333333334,1.3333333333333333,
nbCities:3; nbDepots:2; size:90 90;nbTrips:40;nbCombinedTrips4;maxFolderTimeSlotAsTimeWindow5;planningHorizon:0-1440;maxDriving:540;maxWorking:720,40,0.25,8,51,6,7,3,2,1,6.666666666666667,526.6666666666666,330.0,25.0,171.66666666666666,15.0,95.0,330.0,710.0,1.3333333333333333,0.8333333333333334,1.3333333333333333,
nbCities:3; nbDepots:2; size:90 90;nbTrips:40;nbCombinedTrips4;maxFolderTimeSlotAsTimeWindow6;planningHorizon:0-1440;maxDriving:540;maxWorking:720,40,0.25,8,61,6,6,2,1,1,6.666666666666667,499.1666666666667,330.0,20.0,149.16666666666666,15.0,115.0,355.0,620.0,1.8333333333333333,0.5,1.5,
nbCities:3; nbDepots:2; size:90 90;nbTrips:45;nbCombinedTrips0;maxFolderTimeSlotAsTimeWindow0;planningHorizon:0-1440;maxDriving:540;maxWorking:720,45,0.0,8,1,7,5,0,0,0,6.428571428571429,525.0,321.42857142857144,0.0,203.57142857142858,15.0,80.0,135.0,670.0,0.14285714285714285,0.0,0.14285714285714285,
nbCities:3; nbDepots:2; size:90 90;nbTrips:45;nbCombinedTrips0;maxFolderTimeSlotAsTimeWindow1;planningHorizon:0-1440;maxDriving:540;maxWorking:720,45,0.0,8,11,7,5,0,0,0,6.428571428571429,502.85714285714283,321.42857142857144,0.0,181.42857142857142,15.0,75.0,195.0,660.0,0.0,0.0,0.0,
nbCities:3; nbDepots:2; size:90 90;nbTrips:45;nbCombinedTrips0;maxFolderTimeSlotAsTimeWindow2;planningHorizon:0-1440;maxDriving:540;maxWorking:720,45,0.0,8,21,7,5,0,0,0,6.428571428571429,488.57142857142856,321.42857142857144,0.0,167.14285714285714,15.0,80.0,370.0,645.0,0.14285714285714285,0.0,0.14285714285714285,
nbCities:3; nbDepots:2; size:90 90;nbTrips:45;nbCombinedTrips0;maxFolderTimeSlotAsTimeWindow3;planningHorizon:0-1440;maxDriving:540;maxWorking:720,45,0.0,8,31,7,5,0,0,0,6.428571428571429,455.7142857142857,321.42857142857144,0.0,134.28571428571428,15.0,70.0,285.0,635.0,0.0,0.0,0.0,
nbCities:3; nbDepots:2; size:90 90;nbTrips:45;nbCombinedTrips0;maxFolderTimeSlotAsTimeWindow4;planningHorizon:0-1440;maxDriving:540;maxWorking:720,45,0.0,8,41,7,5,0,0,0,6.428571428571429,442.14285714285717,321.42857142857144,0.0,120.71428571428571,15.0,100.0,205.0,665.0,0.14285714285714285,0.0,0.14285714285714285,
nbCities:3; nbDepots:2; size:90 90;nbTrips:45;nbCombinedTrips0;maxFolderTimeSlotAsTimeWindow5;planningHorizon:0-1440;maxDriving:540;maxWorking:720,45,0.0,8,51,7,5,0,0,0,6.428571428571429,424.2857142857143,321.42857142857144,0.0,102.85714285714286,15.0,60.0,180.0,655.0,0.0,0.0,0.0,
nbCities:3; nbDepots:2; size:90 90;nbTrips:45;nbCombinedTrips0;maxFolderTimeSlotAsTimeWindow6;planningHorizon:0-1440;maxDriving:540;maxWorking:720,45,0.0,8,61,7,5,0,0,0,6.428571428571429,403.57142857142856,321.42857142857144,0.0,82.14285714285714,15.0,20.0,180.0,665.0,0.0,0.0,0.0,
nbCities:3; nbDepots:2; size:90 90;nbTrips:45;nbCombinedTrips6;maxFolderTimeSlotAsTimeWindow0;planningHorizon:0-1440;maxDriving:540;maxWorking:720,45,0.25,9,1,8,9,5,0,5,5.625,527.5,277.5,30.0,220.0,15.0,150.0,395.0,710.0,1.75,1.125,1.5,
nbCities:3; nbDepots:2; size:90 90;nbTrips:45;nbCombinedTrips6;maxFolderTimeSlotAsTimeWindow1;planningHorizon:0-1440;maxDriving:540;maxWorking:720,45,0.25,9,11,8,9,4,0,4,5.625,491.25,277.5,26.25,187.5,15.0,120.0,195.0,655.0,1.375,1.0,1.375,
nbCities:3; nbDepots:2; size:90 90;nbTrips:45;nbCombinedTrips6;maxFolderTimeSlotAsTimeWindow2;planningHorizon:0-1440;maxDriving:540;maxWorking:720,45,0.25,9,21,8,9,4,1,3,5.625,480.625,277.5,26.25,176.875,15.0,140.0,180.0,645.0,1.25,1.0,1.25,
nbCities:3; nbDepots:2; size:90 90;nbTrips:45;nbCombinedTrips6;maxFolderTimeSlotAsTimeWindow3;planningHorizon:0-1440;maxDriving:540;maxWorking:720,45,0.25,9,31,8,9,6,2,4,5.625,464.375,277.5,37.5,149.375,15.0,100.0,370.0,540.0,1.0,0.875,1.0,
nbCities:3; nbDepots:2; size:90 90;nbTrips:45;nbCombinedTrips6;maxFolderTimeSlotAsTimeWindow4;planningHorizon:0-1440;maxDriving:540;maxWorking:720,45,0.25,9,41,8,9,5,2,3,5.625,458.75,277.5,33.75,147.5,15.0,90.0,400.0,530.0,1.5,0.875,1.25,
nbCities:3; nbDepots:2; size:90 90;nbTrips:45;nbCombinedTrips6;maxFolderTimeSlotAsTimeWindow5;planningHorizon:0-1440;maxDriving:540;maxWorking:720,45,0.25,9,51,8,9,6,2,4,5.625,451.875,277.5,37.5,136.875,15.0,80.0,130.0,660.0,1.375,0.875,1.375,
nbCities:3; nbDepots:2; size:90 90;nbTrips:45;nbCombinedTrips6;maxFolderTimeSlotAsTimeWindow6;planningHorizon:0-1440;maxDriving:540;maxWorking:720,45,0.25,9,61,7,8,4,0,4,6.428571428571429,502.14285714285717,317.14285714285717,30.0,155.0,15.0,90.0,390.0,625.0,1.7142857142857142,1.1428571428571428,1.5714285714285714,
nbCities:3; nbDepots:2; size:90 90;nbTrips:50;nbCombinedTrips0;maxFolderTimeSlotAsTimeWindow0;planningHorizon:0-1440;maxDriving:540;maxWorking:720,50,0.0,9,1,8,8,0,0,0,6.25,494.375,311.25,0.0,183.125,15.0,55.0,165.0,715.0,0.25,0.0,0.25,
nbCities:3; nbDepots:2; size:90 90;nbTrips:50;nbCombinedTrips0;maxFolderTimeSlotAsTimeWindow1;planningHorizon:0-1440;maxDriving:540;maxWorking:720,50,0.0,9,11,8,8,0,0,0,6.25,473.125,311.25,0.0,161.875,15.0,85.0,155.0,635.0,0.125,0.0,0.125,
nbCities:3; nbDepots:2; size:90 90;nbTrips:50;nbCombinedTrips0;maxFolderTimeSlotAsTimeWindow2;planningHorizon:0-1440;maxDriving:540;maxWorking:720,50,0.0,9,21,8,8,0,0,0,6.25,461.25,311.25,0.0,150.0,15.0,100.0,115.0,645.0,0.125,0.0,0.125,
nbCities:3; nbDepots:2; size:90 90;nbTrips:50;nbCombinedTrips0;maxFolderTimeSlotAsTimeWindow3;planningHorizon:0-1440;maxDriving:540;maxWorking:720,50,0.0,9,31,8,7,0,0,0,6.25,436.875,311.25,0.0,125.625,15.0,60.0,205.0,650.0,0.125,0.0,0.125,
nbCities:3; nbDepots:2; size:90 90;nbTrips:50;nbCombinedTrips0;maxFolderTimeSlotAsTimeWindow4;planningHorizon:0-1440;maxDriving:540;maxWorking:720,50,0.0,9,41,8,7,0,0,0,6.25,416.875,311.25,0.0,105.625,15.0,60.0,105.0,620.0,0.0,0.0,0.0,
nbCities:3; nbDepots:2; size:90 90;nbTrips:50;nbCombinedTrips0;maxFolderTimeSlotAsTimeWindow5;planningHorizon:0-1440;maxDriving:540;maxWorking:720,50,0.0,9,51,8,7,0,0,0,6.25,408.125,311.25,0.0,96.875,15.0,50.0,230.0,550.0,0.0,0.0,0.0,
nbCities:3; nbDepots:2; size:90 90;nbTrips:50;nbCombinedTrips0;maxFolderTimeSlotAsTimeWindow6;planningHorizon:0-1440;maxDriving:540;maxWorking:720,50,0.0,9,61,8,6,0,0,0,6.25,391.875,311.25,0.0,80.625,15.0,20.0,105.0,620.0,0.125,0.0,0.125,
nbCities:3; nbDepots:2; size:90 90;nbTrips:50;nbCombinedTrips6;maxFolderTimeSlotAsTimeWindow0;planningHorizon:0-1440;maxDriving:540;maxWorking:720,50,0.25,10,1,9,8,6,1,5,5.555555555555555,496.6666666666667,276.6666666666667,33.333333333333336,186.66666666666666,15.0,90.0,315.0,710.0,1.3333333333333333,0.7777777777777778,1.1111111111111112,
nbCities:3; nbDepots:2; size:90 90;nbTrips:50;nbCombinedTrips6;maxFolderTimeSlotAsTimeWindow1;planningHorizon:0-1440;maxDriving:540;maxWorking:720,50,0.25,10,11,9,8,4,0,4,5.555555555555555,473.3333333333333,276.6666666666667,23.333333333333332,173.33333333333334,15.0,90.0,315.0,655.0,1.4444444444444444,0.6666666666666666,1.2222222222222223,
nbCities:3; nbDepots:2; size:90 90;nbTrips:50;nbCombinedTrips6;maxFolderTimeSlotAsTimeWindow2;planningHorizon:0-1440;maxDriving:540;maxWorking:720,50,0.25,10,21,8,8,6,3,3,6.25,546.875,311.25,37.5,198.125,15.0,130.0,255.0,720.0,1.875,1.0,1.5,
nbCities:3; nbDepots:2; size:90 90;nbTrips:50;nbCombinedTrips6;maxFolderTimeSlotAsTimeWindow3;planningHorizon:0-1440;maxDriving:540;maxWorking:720,50,0.25,10,31,8,8,7,5,2,6.25,525.0,311.25,45.0,168.75,15.0,80.0,315.0,710.0,1.875,0.875,1.875,
nbCities:3; nbDepots:2; size:90 90;nbTrips:50;nbCombinedTrips6;maxFolderTimeSlotAsTimeWindow4;planningHorizon:0-1440;maxDriving:540;maxWorking:720,50,0.25,10,41,8,8,6,3,3,6.25,528.75,311.25,37.5,180.0,15.0,105.0,360.0,720.0,2.125,1.0,1.75,
nbCities:3; nbDepots:2; size:90 90;nbTrips:50;nbCombinedTrips6;maxFolderTimeSlotAsTimeWindow5;planningHorizon:0-1440;maxDriving:540;maxWorking:720,50,0.25,10,51,9,8,5,4,1,5.555555555555555,435.0,276.6666666666667,30.0,128.33333333333334,15.0,90.0,135.0,720.0,1.5555555555555556,0.8888888888888888,1.2222222222222223,
nbCities:3; nbDepots:2; size:90 90;nbTrips:50;nbCombinedTrips6;maxFolderTimeSlotAsTimeWindow6;planningHorizon:0-1440;maxDriving:540;maxWorking:720,50,0.25,10,61,8,7,5,1,4,6.25,521.25,311.25,30.0,180.0,15.0,160.0,365.0,700.0,1.625,1.0,1.25,
nbCities:3; nbDepots:2; size:90 90;nbTrips:80;nbCombinedTrips0;maxFolderTimeSlotAsTimeWindow0;planningHorizon:0-1440;maxDriving:540;maxWorking:720,80,0.0,13,1,12,11,0,0,0,6.666666666666667,505.8333333333333,327.5,0.0,178.33333333333334,15.0,70.0,195.0,705.0,0.16666666666666666,0.0,0.16666666666666666,
nbCities:3; nbDepots:2; size:90 90;nbTrips:80;nbCombinedTrips0;maxFolderTimeSlotAsTimeWindow1;planningHorizon:0-1440;maxDriving:540;maxWorking:720,80,0.0,13,11,12,10,0,0,0,6.666666666666667,485.8333333333333,327.5,0.0,158.33333333333334,15.0,65.0,190.0,695.0,0.08333333333333333,0.0,0.08333333333333333,
nbCities:3; nbDepots:2; size:90 90;nbTrips:80;nbCombinedTrips0;maxFolderTimeSlotAsTimeWindow2;planningHorizon:0-1440;maxDriving:540;maxWorking:720,80,0.0,13,21,11,10,3,3,0,7.2727272727272725,532.2727272727273,357.27272727272725,13.636363636363637,161.36363636363637,15.0,75.0,190.0,715.0,0.36363636363636365,0.18181818181818182,0.36363636363636365,
nbCities:3; nbDepots:2; size:90 90;nbTrips:80;nbCombinedTrips0;maxFolderTimeSlotAsTimeWindow3;planningHorizon:0-1440;maxDriving:540;maxWorking:720,80,0.0,13,31,13,10,0,0,0,6.153846153846154,415.7692307692308,302.3076923076923,0.0,113.46153846153847,15.0,95.0,180.0,705.0,0.15384615384615385,0.0,0.15384615384615385,
nbCities:3; nbDepots:2; size:90 90;nbTrips:80;nbCombinedTrips0;maxFolderTimeSlotAsTimeWindow4;planningHorizon:0-1440;maxDriving:540;maxWorking:720,80,0.0,13,41,11,9,0,0,0,7.2727272727272725,458.6363636363636,357.27272727272725,0.0,101.36363636363636,15.0,45.0,180.0,645.0,0.0,0.0,0.0,
nbCities:3; nbDepots:2; size:90 90;nbTrips:80;nbCombinedTrips0;maxFolderTimeSlotAsTimeWindow5;planningHorizon:0-1440;maxDriving:540;maxWorking:720,80,0.0,13,51,11,8,0,0,0,7.2727272727272725,456.8181818181818,357.27272727272725,0.0,99.54545454545455,15.0,35.0,180.0,720.0,0.18181818181818182,0.0,0.18181818181818182,
nbCities:3; nbDepots:2; size:90 90;nbTrips:80;nbCombinedTrips0;maxFolderTimeSlotAsTimeWindow6;planningHorizon:0-1440;maxDriving:540;maxWorking:720,80,0.0,13,61,13,9,0,0,0,6.153846153846154,404.61538461538464,302.3076923076923,0.0,102.3076923076923,15.0,75.0,180.0,645.0,0.6153846153846154,0.0,0.6153846153846154,
nbCities:3; nbDepots:2; size:90 90;nbTrips:80;nbCombinedTrips17;maxFolderTimeSlotAsTimeWindow0;planningHorizon:0-1440;maxDriving:540;maxWorking:720,80,0.25,17,1,14,15,5,2,3,5.714285714285714,480.35714285714283,285.0,17.142857142857142,178.21428571428572,15.0,90.0,180.0,665.0,1.3571428571428572,0.6428571428571429,1.3571428571428572,
nbCities:3; nbDepots:2; size:90 90;nbTrips:80;nbCombinedTrips17;maxFolderTimeSlotAsTimeWindow1;planningHorizon:0-1440;maxDriving:540;maxWorking:720,80,0.25,17,11,14,15,5,3,2,5.714285714285714,472.85714285714283,285.0,17.142857142857142,170.71428571428572,15.0,90.0,180.0,625.0,1.6428571428571428,0.5714285714285714,1.6428571428571428,
nbCities:3; nbDepots:2; size:90 90;nbTrips:80;nbCombinedTrips17;maxFolderTimeSlotAsTimeWindow2;planningHorizon:0-1440;maxDriving:540;maxWorking:720,80,0.25,17,21,13,15,5,3,2,6.153846153846154,503.0769230769231,306.9230769230769,18.46153846153846,177.69230769230768,15.0,115.0,185.0,690.0,1.9230769230769231,0.5384615384615384,1.8461538461538463,
nbCities:3; nbDepots:2; size:90 90;nbTrips:80;nbCombinedTrips17;maxFolderTimeSlotAsTimeWindow3;planningHorizon:0-1440;maxDriving:540;maxWorking:720,80,0.25,17,31,12,14,4,2,2,6.666666666666667,511.25,332.5,15.0,163.75,15.0,100.0,185.0,680.0,1.9166666666666667,0.5,1.9166666666666667,
nbCities:3; nbDepots:2; size:90 90;nbTrips:80;nbCombinedTrips17;maxFolderTimeSlotAsTimeWindow4;planningHorizon:0-1440;maxDriving:540;maxWorking:720,80,0.25,17,41,11,14,5,4,1,7.2727272727272725,553.1818181818181,362.72727272727275,21.818181818181817,168.63636363636363,15.0,75.0,355.0,700.0,1.7272727272727273,0.5454545454545454,1.7272727272727273,
nbCities:3; nbDepots:2; size:90 90;nbTrips:80;nbCombinedTrips17;maxFolderTimeSlotAsTimeWindow5;planningHorizon:0-1440;maxDriving:540;maxWorking:720,80,0.25,17,51,16,12,5,2,3,5.0,360.625,249.375,15.0,96.25,15.0,110.0,105.0,620.0,1.0,0.375,1.0,
nbCities:3; nbDepots:2; size:90 90;nbTrips:80;nbCombinedTrips17;maxFolderTimeSlotAsTimeWindow6;planningHorizon:0-1440;maxDriving:540;maxWorking:720,80,0.25,17,61,15,12,4,2,2,5.333333333333333,391.6666666666667,266.0,12.0,113.66666666666667,15.0,95.0,105.0,685.0,1.4,0.3333333333333333,1.3333333333333333,
nbCities:3; nbDepots:2; size:90 90;nbTrips:100;nbCombinedTrips0;maxFolderTimeSlotAsTimeWindow0;planningHorizon:0-1440;maxDriving:540;maxWorking:720,100,0.0,16,1,14,14,0,0,0,7.142857142857143,544.6428571428571,351.42857142857144,0.0,193.21428571428572,15.0,125.0,215.0,680.0,0.0,0.0,0.0,
nbCities:3; nbDepots:2; size:90 90;nbTrips:100;nbCombinedTrips0;maxFolderTimeSlotAsTimeWindow1;planningHorizon:0-1440;maxDriving:540;maxWorking:720,100,0.0,16,11,13,13,0,0,0,7.6923076923076925,556.5384615384615,378.46153846153845,0.0,178.07692307692307,15.0,60.0,390.0,715.0,0.0,0.0,0.0,
nbCities:3; nbDepots:2; size:90 90;nbTrips:100;nbCombinedTrips0;maxFolderTimeSlotAsTimeWindow2;planningHorizon:0-1440;maxDriving:540;maxWorking:720,100,0.0,16,21,13,13,0,0,0,7.6923076923076925,526.9230769230769,378.46153846153845,0.0,148.46153846153845,15.0,100.0,320.0,715.0,0.07692307692307693,0.0,0.07692307692307693,
nbCities:3; nbDepots:2; size:90 90;nbTrips:100;nbCombinedTrips0;maxFolderTimeSlotAsTimeWindow3;planningHorizon:0-1440;maxDriving:540;maxWorking:720,100,0.0,16,31,16,13,0,0,0,6.25,460.0,307.5,0.0,152.5,15.0,85.0,135.0,535.0,1.5625,0.0,1.5625,
nbCities:3; nbDepots:2; size:90 90;nbTrips:100;nbCombinedTrips0;maxFolderTimeSlotAsTimeWindow4;planningHorizon:0-1440;maxDriving:540;maxWorking:720,100,0.0,16,41,14,11,0,0,0,7.142857142857143,453.2142857142857,351.42857142857144,0.0,101.78571428571429,15.0,80.0,125.0,645.0,0.21428571428571427,0.0,0.21428571428571427,
nbCities:3; nbDepots:2; size:90 90;nbTrips:100;nbCombinedTrips0;maxFolderTimeSlotAsTimeWindow5;planningHorizon:0-1440;maxDriving:540;maxWorking:720,100,0.0,16,51,16,11,0,0,0,6.25,448.75,307.5,0.0,141.25,15.0,90.0,105.0,530.0,1.375,0.0,1.375,
nbCities:3; nbDepots:2; size:90 90;nbTrips:100;nbCombinedTrips0;maxFolderTimeSlotAsTimeWindow6;planningHorizon:0-1440;maxDriving:540;maxWorking:720,100,0.0,16,61,16,10,0,0,0,6.25,454.375,307.5,0.0,146.875,15.0,95.0,105.0,540.0,1.5,0.0,1.5,
nbCities:3; nbDepots:2; size:90 90;nbTrips:100;nbCombinedTrips25;maxFolderTimeSlotAsTimeWindow0;planningHorizon:0-1440;maxDriving:540;maxWorking:720,100,0.25,23,1,17,19,7,3,4,5.882352941176471,503.2352941176471,292.94117647058823,19.41176470588235,190.88235294117646,15.0,185.0,140.0,715.0,1.8235294117647058,0.5294117647058824,1.7647058823529411,
nbCities:3; nbDepots:2; size:90 90;nbTrips:100;nbCombinedTrips25;maxFolderTimeSlotAsTimeWindow1;planningHorizon:0-1440;maxDriving:540;maxWorking:720,100,0.25,23,11,17,19,7,4,3,5.882352941176471,495.29411764705884,292.94117647058823,19.41176470588235,182.94117647058823,15.0,190.0,135.0,705.0,1.8823529411764706,0.5882352941176471,1.8823529411764706,
nbCities:3; nbDepots:2; size:90 90;nbTrips:100;nbCombinedTrips25;maxFolderTimeSlotAsTimeWindow2;planningHorizon:0-1440;maxDriving:540;maxWorking:720,100,0.25,23,21,16,19,11,6,5,6.25,516.25,311.25,33.75,171.25,15.0,110.0,135.0,720.0,2.125,0.8125,2.0,
nbCities:3; nbDepots:2; size:90 90;nbTrips:100;nbCombinedTrips25;maxFolderTimeSlotAsTimeWindow3;planningHorizon:0-1440;maxDriving:540;maxWorking:720,100,0.25,23,31,16,18,9,5,4,6.25,507.1875,311.25,28.125,167.8125,15.0,135.0,230.0,720.0,1.875,0.6875,1.8125,
nbCities:3; nbDepots:2; size:90 90;nbTrips:100;nbCombinedTrips25;maxFolderTimeSlotAsTimeWindow4;planningHorizon:0-1440;maxDriving:540;maxWorking:720,100,0.25,23,41,22,17,12,6,6,4.545454545454546,384.77272727272725,226.36363636363637,25.90909090909091,132.5,15.0,170.0,105.0,690.0,1.4090909090909092,0.5454545454545454,1.3181818181818181,
nbCities:3; nbDepots:2; size:90 90;nbTrips:100;nbCombinedTrips25;maxFolderTimeSlotAsTimeWindow5;planningHorizon:0-1440;maxDriving:540;maxWorking:720,100,0.25,23,51,23,16,25,0,25,4.3478260869565215,444.7826086956522,216.52173913043478,52.17391304347826,176.08695652173913,15.0,155.0,135.0,550.0,2.130434782608696,0.6956521739130435,2.0434782608695654,
nbCities:3; nbDepots:2; size:90 90;nbTrips:100;nbCombinedTrips25;maxFolderTimeSlotAsTimeWindow6;planningHorizon:0-1440;maxDriving:540;maxWorking:720,100,0.25,23,61,23,16,21,0,21,4.3478260869565215,417.17391304347825,216.52173913043478,44.34782608695652,156.30434782608697,15.0,210.0,105.0,560.0,1.7826086956521738,0.6086956521739131,1.7391304347826086,
nbCities:3; nbDepots:2; size:90 90;nbTrips:120;nbCombinedTrips0;maxFolderTimeSlotAsTimeWindow0;planningHorizon:0-1440;maxDriving:540;maxWorking:720,120,0.0,19,1,17,17,0,0,0,7.0588235294117645,526.1764705882352,349.4117647058824,0.0,176.76470588235293,15.0,70.0,200.0,720.0,0.11764705882352941,0.0,0.11764705882352941,
nbCities:3; nbDepots:2; size:90 90;nbTrips:120;nbCombinedTrips0;maxFolderTimeSlotAsTimeWindow1;planningHorizon:0-1440;maxDriving:540;maxWorking:720,120,0.0,19,11,17,16,2,2,0,7.0588235294117645,497.3529411764706,349.4117647058824,5.294117647058823,142.64705882352942,15.0,70.0,315.0,660.0,0.23529411764705882,0.17647058823529413,0.23529411764705882,
nbCities:3; nbDepots:2; size:90 90;nbTrips:120;nbCombinedTrips0;maxFolderTimeSlotAsTimeWindow2;planningHorizon:0-1440;maxDriving:540;maxWorking:720,120,0.0,19,21,19,16,0,0,0,6.315789473684211,469.2105263157895,312.63157894736844,0.0,156.57894736842104,15.0,75.0,180.0,535.0,1.4210526315789473,0.0,1.4210526315789473,
nbCities:3; nbDepots:2; size:90 90;nbTrips:120;nbCombinedTrips0;maxFolderTimeSlotAsTimeWindow3;planningHorizon:0-1440;maxDriving:540;maxWorking:720,120,0.0,19,31,19,16,0,0,0,6.315789473684211,467.10526315789474,312.63157894736844,0.0,154.47368421052633,15.0,85.0,180.0,535.0,1.6842105263157894,0.0,1.6842105263157894,
nbCities:3; nbDepots:2; size:90 90;nbTrips:120;nbCombinedTrips0;maxFolderTimeSlotAsTimeWindow4;planningHorizon:0-1440;maxDriving:540;maxWorking:720,120,0.0,19,41,19,14,0,0,0,6.315789473684211,461.8421052631579,312.63157894736844,0.0,149.21052631578948,15.0,95.0,180.0,535.0,1.894736842105263,0.0,1.894736842105263,
nbCities:3; nbDepots:2; size:90 90;nbTrips:120;nbCombinedTrips0;maxFolderTimeSlotAsTimeWindow5;planningHorizon:0-1440;maxDriving:540;maxWorking:720,120,0.0,19,51,19,13,0,0,0,6.315789473684211,459.7368421052632,312.63157894736844,0.0,147.10526315789474,15.0,100.0,185.0,540.0,1.736842105263158,0.0,1.736842105263158,
nbCities:3; nbDepots:2; size:90 90;nbTrips:120;nbCombinedTrips0;maxFolderTimeSlotAsTimeWindow6;planningHorizon:0-1440;maxDriving:540;maxWorking:720,120,0.0,19,61,19,13,0,0,0,6.315789473684211,449.4736842105263,312.63157894736844,0.0,136.8421052631579,15.0,110.0,180.0,535.0,1.2105263157894737,0.0,1.2105263157894737,
nbCities:3; nbDepots:2; size:90 90;nbTrips:120;nbCombinedTrips30;maxFolderTimeSlotAsTimeWindow0;planningHorizon:0-1440;maxDriving:540;maxWorking:720,120,0.25,27,1,18,24,6,3,3,6.666666666666667,569.7222222222222,331.6666666666667,15.0,223.05555555555554,15.0,130.0,290.0,720.0,2.0555555555555554,0.6666666666666666,2.0,
nbCities:3; nbDepots:2; size:90 90;nbTrips:120;nbCombinedTrips30;maxFolderTimeSlotAsTimeWindow1;planningHorizon:0-1440;maxDriving:540;maxWorking:720,120,0.25,27,11,27,24,30,0,30,4.444444444444445,479.0740740740741,221.11111111111111,53.333333333333336,204.62962962962962,15.0,160.0,105.0,535.0,2.074074074074074,0.8148148148148148,2.074074074074074,
nbCities:3; nbDepots:2; size:90 90;nbTrips:120;nbCombinedTrips30;maxFolderTimeSlotAsTimeWindow2;planningHorizon:0-1440;maxDriving:540;maxWorking:720,120,0.25,27,21,27,23,30,0,30,4.444444444444445,476.48148148148147,221.11111111111111,53.333333333333336,202.03703703703704,15.0,155.0,105.0,545.0,2.1481481481481484,0.8518518518518519,2.1481481481481484,
nbCities:3; nbDepots:2; size:90 90;nbTrips:120;nbCombinedTrips30;maxFolderTimeSlotAsTimeWindow3;planningHorizon:0-1440;maxDriving:540;maxWorking:720,120,0.25,27,31,27,22,30,0,30,4.444444444444445,471.6666666666667,221.11111111111111,53.333333333333336,197.22222222222223,15.0,155.0,135.0,540.0,2.2222222222222223,0.8148148148148148,2.185185185185185,
nbCities:3; nbDepots:2; size:90 90;nbTrips:120;nbCombinedTrips30;maxFolderTimeSlotAsTimeWindow4;planningHorizon:0-1440;maxDriving:540;maxWorking:720,120,0.25,27,41,27,21,30,0,30,4.444444444444445,471.6666666666667,221.11111111111111,53.333333333333336,197.22222222222223,15.0,150.0,105.0,560.0,2.074074074074074,1.0,2.0,
nbCities:3; nbDepots:2; size:90 90;nbTrips:120;nbCombinedTrips30;maxFolderTimeSlotAsTimeWindow5;planningHorizon:0-1440;maxDriving:540;maxWorking:720,120,0.25,27,51,27,20,30,0,30,4.444444444444445,468.7037037037037,221.11111111111111,53.333333333333336,194.25925925925927,15.0,165.0,105.0,540.0,2.0,0.8148148148148148,2.0,
nbCities:3; nbDepots:2; size:90 90;nbTrips:120;nbCombinedTrips30;maxFolderTimeSlotAsTimeWindow6;planningHorizon:0-1440;maxDriving:540;maxWorking:720,120,0.25,27,61,27,20,30,0,30,4.444444444444445,457.962962962963,221.11111111111111,53.333333333333336,183.5185185185185,15.0,155.0,105.0,540.0,1.962962962962963,0.8888888888888888,1.8888888888888888,
nbCities:3; nbDepots:2; size:90 90;nbTrips:150;nbCombinedTrips0;maxFolderTimeSlotAsTimeWindow0;planningHorizon:0-1440;maxDriving:540;maxWorking:720,150,0.0,24,1,20,20,0,0,0,7.5,559.0,372.0,0.0,187.0,15.0,75.0,280.0,720.0,0.2,0.0,0.2,
nbCities:3; nbDepots:2; size:90 90;nbTrips:150;nbCombinedTrips0;maxFolderTimeSlotAsTimeWindow1;planningHorizon:0-1440;maxDriving:540;maxWorking:720,150,0.0,24,11,24,20,0,0,0,6.25,473.5416666666667,310.0,0.0,163.54166666666666,15.0,65.0,110.0,530.0,1.4166666666666667,0.0,1.4166666666666667,
nbCities:3; nbDepots:2; size:90 90;nbTrips:150;nbCombinedTrips0;maxFolderTimeSlotAsTimeWindow2;planningHorizon:0-1440;maxDriving:540;maxWorking:720,150,0.0,24,21,24,19,0,0,0,6.25,465.4166666666667,310.0,0.0,155.41666666666666,15.0,75.0,130.0,520.0,1.5833333333333333,0.0,1.5833333333333333,
nbCities:3; nbDepots:2; size:90 90;nbTrips:150;nbCombinedTrips0;maxFolderTimeSlotAsTimeWindow3;planningHorizon:0-1440;maxDriving:540;maxWorking:720,150,0.0,24,31,24,18,0,0,0,6.25,468.3333333333333,310.0,0.0,158.33333333333334,15.0,85.0,135.0,535.0,1.9166666666666667,0.0,1.9166666666666667,
nbCities:3; nbDepots:2; size:90 90;nbTrips:150;nbCombinedTrips0;maxFolderTimeSlotAsTimeWindow4;planningHorizon:0-1440;maxDriving:540;maxWorking:720,150,0.0,24,41,24,16,0,0,0,6.25,462.0833333333333,310.0,0.0,152.08333333333334,15.0,95.0,115.0,535.0,1.9166666666666667,0.0,1.9166666666666667,
nbCities:3; nbDepots:2; size:90 90;nbTrips:150;nbCombinedTrips0;maxFolderTimeSlotAsTimeWindow5;planningHorizon:0-1440;maxDriving:540;maxWorking:720,150,0.0,24,51,24,15,0,0,0,6.25,455.0,310.0,0.0,145.0,15.0,100.0,105.0,540.0,1.5,0.0,1.5,
nbCities:3; nbDepots:2; size:90 90;nbTrips:150;nbCombinedTrips0;maxFolderTimeSlotAsTimeWindow6;planningHorizon:0-1440;maxDriving:540;maxWorking:720,150,0.0,24,61,24,14,0,0,0,6.25,459.1666666666667,310.0,0.0,149.16666666666666,15.0,115.0,105.0,550.0,1.375,0.0,1.375,
nbCities:3; nbDepots:2; size:90 90;nbTrips:150;nbCombinedTrips37;maxFolderTimeSlotAsTimeWindow0;planningHorizon:0-1440;maxDriving:540;maxWorking:720,150,0.25,34,1,24,29,13,9,4,6.25,529.7916666666666,313.75,27.5,188.54166666666666,15.0,185.0,115.0,720.0,1.8333333333333333,0.5833333333333334,1.7083333333333333,
nbCities:3; nbDepots:2; size:90 90;nbTrips:150;nbCombinedTrips37;maxFolderTimeSlotAsTimeWindow1;planningHorizon:0-1440;maxDriving:540;maxWorking:720,150,0.25,34,11,34,29,37,0,37,4.411764705882353,476.02941176470586,221.47058823529412,52.05882352941177,202.5,15.0,155.0,110.0,540.0,1.7941176470588236,0.7058823529411765,1.7647058823529411,
nbCities:3; nbDepots:2; size:90 90;nbTrips:150;nbCombinedTrips37;maxFolderTimeSlotAsTimeWindow2;planningHorizon:0-1440;maxDriving:540;maxWorking:720,150,0.25,34,21,34,28,37,0,37,4.411764705882353,475.29411764705884,221.47058823529412,52.05882352941177,201.76470588235293,15.0,160.0,130.0,540.0,1.8823529411764706,0.7352941176470589,1.8529411764705883,
nbCities:3; nbDepots:2; size:90 90;nbTrips:150;nbCombinedTrips37;maxFolderTimeSlotAsTimeWindow3;planningHorizon:0-1440;maxDriving:540;maxWorking:720,150,0.25,34,31,34,26,37,0,37,4.411764705882353,471.47058823529414,221.47058823529412,52.05882352941177,197.94117647058823,15.0,170.0,130.0,550.0,1.8823529411764706,0.7058823529411765,1.8235294117647058,
nbCities:3; nbDepots:2; size:90 90;nbTrips:150;nbCombinedTrips37;maxFolderTimeSlotAsTimeWindow4;planningHorizon:0-1440;maxDriving:540;maxWorking:720,150,0.25,34,41,34,26,37,0,37,4.411764705882353,465.88235294117646,221.47058823529412,52.05882352941177,192.35294117647058,15.0,150.0,105.0,555.0,1.8823529411764706,0.6176470588235294,1.8823529411764706,
nbCities:3; nbDepots:2; size:90 90;nbTrips:150;nbCombinedTrips37;maxFolderTimeSlotAsTimeWindow5;planningHorizon:0-1440;maxDriving:540;maxWorking:720,150,0.25,34,51,34,25,37,0,37,4.411764705882353,459.70588235294116,221.47058823529412,52.05882352941177,186.1764705882353,15.0,165.0,105.0,535.0,1.7058823529411764,0.5882352941176471,1.6764705882352942,
nbCities:3; nbDepots:2; size:90 90;nbTrips:150;nbCombinedTrips37;maxFolderTimeSlotAsTimeWindow6;planningHorizon:0-1440;maxDriving:540;maxWorking:720,150,0.25,34,61,34,25,37,0,37,4.411764705882353,456.47058823529414,221.47058823529412,52.05882352941177,182.94117647058823,15.0,150.0,105.0,535.0,1.7352941176470589,0.6470588235294118,1.7058823529411764,
